Designator,Mid X,Mid Y,Rotation,Layer
C1,112.215,-112.785,270,top
C11,167.336799,-104.088501,180,top
C12,179.06,-84.575,90,top
C13,179.073201,-98.123103,180,top
C14,183.79,-83.345,0,bottom
C15,180.605,-90.455,180,bottom
C16,179.34,-83.34,0,bottom
C17,176.38238,-87.73,180,bottom
C18,169.83,-83.03,180,bottom
C19,165.2,-76.675,270,bottom
C20,165.14,-117.051412,180,bottom
C21,165.141116,-119.57,180,bottom
C22,165.141116,-122.085,180,bottom
C23,165.141116,-124.6,180,bottom
C24,165.141116,-127.115,180,bottom
C25,162.01,-90.712142,270,bottom
C26,157.994074,-87.660427,90,bottom
C27,153.705,-77.17,0,bottom
C28,154.31976,-82.465,180,bottom
C29,155.775,-85.45,0,bottom
C30,153.545,-84.68,90,bottom
C31,152.31,-91.44,270,bottom
C32,143.82,-84.49,0,bottom
C33,141.99,-79.965,180,bottom
C34,140.865,-91.975,0,bottom
C35,140.87,-95.175,0,bottom
C36,136.365,-96.435,270,bottom
C37,133.161905,-96.43674,270,bottom
C39,125.647375,-89.499975,180,bottom
C4,146.315,-84.275,0,top
C40,121.165,-104.23,270,bottom
C41,121.14,-110.605,270,bottom
C42,115.885,-83.416036,180,bottom
C43,113.435,-84.3575,270,bottom
C44,114.866,-87.3425,270,bottom
C45,110.17,-91.085,0,bottom
C46,107.315,-107.335,90,bottom
C47,105.185,-102.695,270,bottom
C48,162.270924,-76.671812,270,bottom
C49,183.74,-113.995,270,bottom
C5,153.03262,-88.01,0,top
C50,179.07,-98.15,180,bottom
C51,174.965,-125.305,90,bottom
C52,170.78,-102.21,0,bottom
C53,183.785,-90.205,180,bottom
C54,176.005,-77,270,bottom
C56,177.785,-95.705,180,bottom
C57,169.2375,-118.8075,270,bottom
C6,158.92,-90.36,0,top
C8,162.999073,-76.056574,180,top
C9,164.015,-90.355,0,top
C_START1,173.986573,-79.32765,90,top
D1,101.256318,-106.14,270,top
D10,159.185062,-77.34,180,bottom
D11,141.63,-76.835,0,bottom
D12,136.64762,-88.495,0,bottom
D13,131.02,-76.885,180,bottom
D14,126.127052,-108.700038,90,bottom
D15,125.345,-102.39,0,bottom
D16,123.07,-111.41,90,bottom
D17,116.775,-88.21,270,bottom
D18,115.564457,-91.712951,0,bottom
D2,105.77,-98.13,270,top
D3,106.365,-103.355,270,top
D4,114.005,-87.56,180,top
D5,130.104506,-84.787594,0,top
D6,176.19238,-85.215,180,top
D7,178.909574,-76.925573,270,top
D8,173.95,-88.320076,90,bottom
D9,168.693427,-80.255426,180,bottom
F1,103.685,-101.915,270,top
F2,179.768427,-88.893426,180,top
F3,172.260067,-115.401574,180,bottom
J1,114.38,-79.41,180,top
J2,159.94,-86.045,180,top
J3,167.078427,-85.80868,180,top
J4,176.79,-125.805,0,top
J5,180.686574,-113.621573,90,top
J8,169.85,-91.115,90,top
L1,167.065,-78.105,270,top
L2,168.076166,-121.101069,90,top
L3,183.14,-83.855,180,top
NT1,169.031448,-106.048626,270,bottom
NT2,150.69,-103.5741,180,bottom
Q1,114.79,-91.465728,0,top
Q10,134.07,-109.775,270,bottom
Q11,118.26,-119.715,0,bottom
Q2,114.79,-94.87,0,top
Q3,125.38,-80.28,90,top
Q4,134.765,-80.265,90,top
Q5,156.435,-86.865,90,top
Q6,159.375,-76.78,0,top
Q7,176.82,-80.91,0,bottom
Q8,166.113548,-108.305626,270,bottom
Q9,153.1,-106.487,180,bottom
R1,102.435,-99.77,90,top
R10,158.688426,-80.001573,90,top
R11,160.99,-80.005,90,top
R12,159.375,-82.219444,180,top
R13,158.945,-92.635,180,top
R15,163.22,-77.775,0,top
R16,162.485,-80.005,90,top
R17,162.56,-82.218845,180,top
R18,163.985,-80.005,90,top
R19,163.99,-92.64,180,top
R2,106.145,-106.685,90,top
R21,173.195,-85.23,90,top
R22,177.707924,-77.224188,90,bottom
R23,176.38,-84.805,0,bottom
R24,176.38,-83.345,0,bottom
R25,176.38,-86.27,180,bottom
R26,176.385,-89.19,180,bottom
R27,166.66,-76.675,90,bottom
R28,168.13,-76.685,270,bottom
R29,165.98,-90.657858,90,bottom
R30,165.872858,-93.645,0,bottom
R31,163.735,-76.675,270,bottom
R32,162.107142,-93.315,180,bottom
R33,160.55,-90.707858,90,bottom
R34,158.44,-79.22,180,bottom
R35,156.55,-81.715,90,bottom
R36,158.015,-81.715,90,bottom
R37,157.995,-84.695,90,bottom
R38,156.33,-91.43,90,bottom
R39,155.764573,-83.928426,180,bottom
R40,156.165,-94.425,0,bottom
R41,151.62,-89.085,180,bottom
R42,152.39738,-94.04,180,bottom
R43,150.845,-91.44,90,bottom
R44,142.8035,-86.702,270,bottom
R45,136.46,-85.445,90,bottom
R46,138.315,-84.275,90,bottom
R47,134.99593,-85.443797,90,bottom
R48,133.535,-85.444075,270,bottom
R49,132.81762,-83.23,0,bottom
R5,114.59,-89.035,180,top
R50,132.06593,-85.45093,270,bottom
R51,130.195,-81.34,270,bottom
R52,130.153199,-87.67441,0,bottom
R53,127.060136,-85.447432,270,bottom
R54,127.677508,-91.77532,180,bottom
R55,127.69,-101.865,90,bottom
R56,126.14,-104.466954,0,bottom
R57,125.5,-112.2775,180,bottom
R58,123.815,-114.13,0,bottom
R59,115.655,-85.13,180,bottom
R6,130.07,-76.865,180,top
R60,113.4025,-87.345,270,bottom
R61,114.137338,-89.571,0,bottom
R62,108.81,-97.315,270,bottom
R63,110.275,-97.314562,270,bottom
R64,109.04,-99.795,0,bottom
R65,109.04,-101.255,180,bottom
R66,105.915,-100.235,180,bottom
R67,106.665,-102.695,90,bottom
R68,106.815,-104.905,0,bottom
R69,101.23,-97.54,90,bottom
R7,129.32,-80.975,0,top
R70,102.715,-97.54,270,bottom
R71,102.32,-103.445,90,bottom
R72,102.269,-108.698,0,bottom
R73,180.745,-95.705,0,bottom
R74,170.6975,-118.8075,270,bottom
R8,129.31762,-82.44,0,top
R9,138.525279,-83.416072,90,top
RV1,110.15,-87.59,0,top
RV2,110.215,-92.605,0,top
T1,144.935,-108.805,0,top
TH2,158.335,-103.57,0,bottom
U1,147.2255,-78.2585,180,top
U10,129.635,-84.875,90,bottom
U11,114.23,-107.42,90,bottom
U12,109.95,-86.635,180,bottom
U13,109.0175,-93.7,0,bottom
U14,105.5,-97.74,180,bottom
U2,155.198426,-83.240949,180,top
U3,181.565,-86.775,90,bottom
U4,170.924073,-76.783426,0,bottom
U5,163.995,-90.737142,270,bottom
U6,161.975,-80.54,0,bottom
U7,155.033427,-87.883426,180,bottom
U8,154.295,-91.51262,270,bottom
